PS,r,l,result,time,n
3,0.095,0.06,0.050667975767055305,0:02:14.404537,10
3,0.15,0.06,0.0530429750565274,0:02:02.716224,10
