PS,r,l,result,time,n
3,0.095,0.06,0.06928528937171544,0:02:19.218568,2
