relationship,method,colourDistribution,static,l,r,maxExecsPS,result,time
classic,,,True,0.06,0.095,3,0.049383146862294176,131.43574953079224
classic,,,True,0.06,0.095,3,0.04903444585329711,126.0863823890686
classic,,,True,0.06,0.095,3,0.04571842396997435,128.83972430229187
classic,,,True,0.06,0.15,3,0.051237595644214554,135.5272946357727
classic,,,True,0.06,0.15,3,0.05623802698464991,136.20778274536133
classic,,,True,0.06,0.15,3,0.04535178149561757,124.7680811882019
classic,,,True,0.06,0.15,3,0.04730924486585673,125.56539106369019
classic,,,True,0.06,0.15,3,0.05006632988840573,124.0943238735199
classic,,,True,0.06,0.15,3,0.04400702287697936,126.99604296684265
