relationship,method,colourDistribution,static,l,r,maxExecsPS,result,time
classic,,,True,0.06,0.095,3,0.049383146862294176,131.43574953079224
classic,,,True,0.06,0.095,3,0.04903444585329711,126.0863823890686
classic,,,True,0.06,0.095,3,0.04571842396997435,128.83972430229187
