PS,r,l,result,time,n
3,0.095,0.06,0.04391537525088273,0:00:11.057471,0.13330530605168264
