PS,r,l,result,sDev,time,acc,den,n
5,0.095,0.06,0.044591,0.002994,0:00:24.935933,0.167,0.833,10
5,0.095,0.03,0.041228,0.002983,0:00:49.987519,0.146,0.854,10
5,0.95,0.06,0.035595,0.001877,0:07:31.303465,0.137,0.863,10
5,0.15,0.06,0.045873,0.0023,0:00:28.202458,0.163,0.837,10
5,0.15,0.03,0.039684,0.001464,0:00:53.721521,0.144,0.856,10
