PS,r,l,result,time,n
3,0.095,0.06,0.04706496442225865,0:02:13.496569,10
3,0.15,0.06,0.047815959254386156,0:02:11.366667,10
