PS,r,l,result,time,n
3,0.095,0.06,0.06448944783803653,0:02:08.754155,10
3,0.15,0.06,0.060905957686423415,0:02:07.554203,10
