PS,r,l,result,time,n
3,0.095,0.06,0.06757459489251608,0:02:23.755055,5
3,0.15,0.06,0.06501366633789404,0:02:33.970903,5
