PS,r,l,result,sDev,time,acc,den,n
5,0.095,0.03,0.051352,0.003616,0:00:24.293849,0.082,0.918,10
5,0.095,0.06,0.055939,0.003665,0:00:13.323833,0.088,0.912,10
5,0.15,0.03,0.052142,0.003182,0:00:26.381752,0.078,0.922,10
5,0.15,0.06,0.050063,0.005311,0:00:13.423872,0.083,0.917,10
5,0.95,0.06,0.042492,0.002658,0:03:26.338822,0.092,0.908,10
