relationship,method,colourDistribution,static,l,r,maxExecsPS,result,time
peers,and,,True,0.06,0.095,3,0.04590098056546677,119.83719301223755
peers,and,,True,0.06,0.095,3,0.053793278143595,141.361186504364
peers,and,,True,0.06,0.095,3,0.05414394263712097,142.666077375412
