PS,r,l,result,time,n
3,0.15,0.06,0.05391242023535812,0:02:21.738390,10
3,0.095,0.06,0.053500717767422434,0:02:12.546899,10
