PS,r,l,result,time,n
3,0.095,0.06,0.06928528937171544,0:02:27.726605,2
3,0.15,0.06,0.06928528937171544,0:02:27.756164,2
