PS,r,l,result,sDev,time,acc,den,n
5,0.095,0.06,0.063471,0.002136,0:00:14.187887,0.022,0.978,10
5,0.095,0.03,0.061925,0.00142,0:00:27.929376,0.017,0.983,10
5,0.95,0.06,0.061465,0.002943,0:03:56.422422,0.032,0.968,10
5,0.15,0.06,0.063419,0.002839,0:00:15.477226,0.019,0.981,10
5,0.15,0.03,0.063641,0.002381,0:00:30.169458,0.02,0.98,10
