relationship,method,colourDistribution,static,l,r,maxExecsPS,result,time
groups,and,,True,0.06,0.095,3,0.06421005747780496,145.86994433403015
groups,and,,True,0.06,0.095,3,0.06688326298105247,138.81526589393616
groups,and,,True,0.06,0.095,3,0.05533739985481926,133.3786895275116
