PS,r,l,result,sDev,time,acc,den,n
5,0.95,0.06,0.067495,0.000432,0:03:41.563245,0.906,0.094,10
5,0.15,0.03,0.066575,0.002216,0:00:29.368258,0.892,0.108,10
5,0.15,0.06,0.067298,0.001073,0:00:14.958717,0.895,0.105,10
5,0.095,0.03,0.067572,0.000285,0:00:27.319656,0.89,0.11,10
5,0.095,0.06,0.067045,0.000794,0:00:13.882258,0.885,0.115,10
