PS,r,l,result,time,n
3,0.095,0.06,0.06873184664248114,0:02:23.281250,5
3,0.15,0.06,0.06728972888006446,0:02:14.283721,5
