PS,r,l,result,time,n
3,0.095,0.06,0.06312044626579832,0:02:13.412816,10
3,0.15,0.06,0.06185422813813701,0:02:14.164740,10
